epoch,avg_loss,best_loss,best_epoch,is_best
1,0.01444694,0.01444694,1,1
2,0.01223258,0.01223258,2,1
3,0.01027963,0.01027963,3,1
4,0.00872977,0.00872977,4,1
5,0.00767925,0.00767925,5,1
6,0.00725768,0.00725768,6,1
7,0.00678647,0.00678647,7,1
8,0.00665695,0.00665695,8,1
9,0.00643210,0.00643210,9,1
10,0.00611083,0.00611083,10,1
11,0.00600649,0.00600649,11,1
12,0.00573031,0.00573031,12,1
13,0.00558038,0.00558038,13,1
14,0.00552415,0.00552415,14,1
15,0.00538602,0.00538602,15,1
16,0.00535033,0.00535033,16,1
17,0.00531059,0.00531059,17,1
18,0.00519685,0.00519685,18,1
19,0.00511724,0.00511724,19,1
20,0.00521511,0.00511724,19,0
21,0.00499809,0.00499809,21,1
22,0.00466723,0.00466723,22,1
23,0.00469652,0.00466723,22,0
24,0.00456183,0.00456183,24,1
25,0.00463534,0.00456183,24,0
26,0.00457178,0.00456183,24,0
27,0.00439683,0.00439683,27,1
28,0.00509029,0.00439683,27,0
29,0.00458668,0.00439683,27,0
30,0.00433232,0.00433232,30,1
31,0.00426788,0.00426788,31,1
32,0.00413850,0.00413850,32,1
33,0.00421547,0.00413850,32,0
34,0.00431258,0.00413850,32,0
35,0.00405837,0.00405837,35,1
36,0.00381788,0.00381788,36,1
37,0.00402526,0.00381788,36,0
38,0.00404511,0.00381788,36,0
39,0.00379581,0.00379581,39,1
40,0.00360049,0.00360049,40,1
41,0.00360240,0.00360049,40,0
42,0.00347829,0.00347829,42,1
43,0.00348846,0.00347829,42,0
44,0.00342915,0.00342915,44,1
45,0.00331755,0.00331755,45,1
46,0.00323074,0.00323074,46,1
47,0.00333493,0.00323074,46,0
48,0.00316907,0.00316907,48,1
49,0.00308247,0.00308247,49,1
50,0.00290475,0.00290475,50,1
51,0.00309051,0.00290475,50,0
52,0.00319770,0.00290475,50,0
53,0.00289552,0.00289552,53,1
54,0.00270854,0.00270854,54,1
55,0.00290631,0.00270854,54,0
56,0.00294484,0.00270854,54,0
57,0.00274011,0.00270854,54,0
58,0.00262012,0.00262012,58,1
59,0.00265164,0.00262012,58,0
60,0.00257226,0.00257226,60,1
61,0.00246997,0.00246997,61,1
62,0.00247159,0.00246997,61,0
63,0.00238533,0.00238533,63,1
64,0.00244449,0.00238533,63,0
65,0.00253204,0.00238533,63,0
66,0.00243835,0.00238533,63,0
67,0.00240828,0.00238533,63,0
68,0.00233087,0.00233087,68,1
69,0.00234842,0.00233087,68,0
70,0.00215689,0.00215689,70,1
71,0.00220184,0.00215689,70,0
72,0.00239223,0.00215689,70,0
73,0.00232286,0.00215689,70,0
74,0.00220928,0.00215689,70,0
75,0.00224037,0.00215689,70,0
76,0.00208008,0.00208008,76,1
77,0.00202728,0.00202728,77,1
78,0.00225918,0.00202728,77,0
79,0.00227885,0.00202728,77,0
80,0.00219031,0.00202728,77,0
81,0.00209763,0.00202728,77,0
82,0.00202392,0.00202392,82,1
83,0.00197804,0.00197804,83,1
84,0.00198065,0.00197804,83,0
85,0.00215747,0.00197804,83,0
86,0.00218606,0.00197804,83,0
87,0.00202974,0.00197804,83,0
88,0.00199122,0.00197804,83,0
89,0.00194585,0.00194585,89,1
90,0.00197505,0.00194585,89,0
91,0.00203494,0.00194585,89,0
92,0.00197937,0.00194585,89,0
93,0.00190480,0.00190480,93,1
94,0.00194453,0.00190480,93,0
95,0.00196327,0.00190480,93,0
96,0.00192398,0.00190480,93,0
97,0.00205409,0.00190480,93,0
98,0.00214269,0.00190480,93,0
99,0.00211938,0.00190480,93,0
100,0.00196098,0.00190480,93,0
101,0.00176321,0.00176321,101,1
102,0.00177514,0.00176321,101,0
103,0.00178646,0.00176321,101,0
104,0.00181632,0.00176321,101,0
105,0.00190840,0.00176321,101,0
106,0.00191176,0.00176321,101,0
107,0.00178699,0.00176321,101,0
108,0.00174789,0.00174789,108,1
109,0.00172005,0.00172005,109,1
110,0.00179933,0.00172005,109,0
111,0.00203544,0.00172005,109,0
112,0.00207579,0.00172005,109,0
113,0.00208094,0.00172005,109,0
114,0.00202379,0.00172005,109,0
115,0.00182203,0.00172005,109,0
116,0.00175529,0.00172005,109,0
117,0.00170146,0.00170146,117,1
118,0.00171570,0.00170146,117,0
119,0.00164122,0.00164122,119,1
120,0.00168362,0.00164122,119,0
121,0.00178277,0.00164122,119,0
122,0.00173216,0.00164122,119,0
123,0.00175652,0.00164122,119,0
124,0.00186291,0.00164122,119,0
125,0.00181816,0.00164122,119,0
126,0.00171027,0.00164122,119,0
127,0.00171264,0.00164122,119,0
128,0.00183232,0.00164122,119,0
129,0.00175337,0.00164122,119,0
130,0.00174677,0.00164122,119,0
131,0.00175065,0.00164122,119,0
132,0.00183137,0.00164122,119,0
133,0.00181657,0.00164122,119,0
134,0.00192551,0.00164122,119,0
135,0.00180381,0.00164122,119,0
136,0.00167446,0.00164122,119,0
137,0.00166486,0.00164122,119,0
138,0.00164363,0.00164122,119,0
139,0.00159259,0.00159259,139,1
140,0.00159727,0.00159259,139,0
141,0.00173632,0.00159259,139,0
142,0.00187407,0.00159259,139,0
143,0.00173673,0.00159259,139,0
144,0.00175410,0.00159259,139,0
145,0.00176546,0.00159259,139,0
146,0.00172395,0.00159259,139,0
147,0.00176505,0.00159259,139,0
148,0.00162233,0.00159259,139,0
149,0.00160830,0.00159259,139,0
150,0.00162768,0.00159259,139,0
151,0.00174797,0.00159259,139,0
152,0.00166615,0.00159259,139,0
153,0.00164987,0.00159259,139,0
154,0.00163726,0.00159259,139,0
155,0.00157911,0.00157911,155,1
156,0.00160024,0.00157911,155,0
157,0.00165502,0.00157911,155,0
158,0.00170730,0.00157911,155,0
159,0.00192440,0.00157911,155,0
160,0.00206495,0.00157911,155,0
161,0.00186770,0.00157911,155,0
162,0.00169707,0.00157911,155,0
163,0.00168918,0.00157911,155,0
164,0.00155961,0.00155961,164,1
165,0.00153438,0.00153438,165,1
166,0.00143190,0.00143190,166,1
167,0.00146051,0.00143190,166,0
168,0.00153035,0.00143190,166,0
169,0.00159205,0.00143190,166,0
170,0.00175036,0.00143190,166,0
171,0.00207571,0.00143190,166,0
172,0.00201376,0.00143190,166,0
173,0.00179569,0.00143190,166,0
174,0.00162026,0.00143190,166,0
175,0.00147678,0.00143190,166,0
176,0.00142711,0.00142711,176,1
177,0.00155013,0.00142711,176,0
178,0.00165681,0.00142711,176,0
179,0.00165766,0.00142711,176,0
180,0.00164793,0.00142711,176,0
181,0.00166592,0.00142711,176,0
182,0.00156188,0.00142711,176,0
183,0.00151492,0.00142711,176,0
184,0.00151811,0.00142711,176,0
185,0.00151145,0.00142711,176,0
186,0.00162095,0.00142711,176,0
187,0.00175529,0.00142711,176,0
188,0.00184476,0.00142711,176,0
189,0.00178454,0.00142711,176,0
190,0.00163819,0.00142711,176,0
191,0.00156089,0.00142711,176,0
192,0.00149553,0.00142711,176,0
193,0.00144391,0.00142711,176,0
194,0.00144780,0.00142711,176,0
195,0.00149958,0.00142711,176,0
196,0.00156446,0.00142711,176,0
197,0.00185228,0.00142711,176,0
198,0.00191634,0.00142711,176,0
199,0.00169963,0.00142711,176,0
200,0.00165444,0.00142711,176,0
